Subreddit,Total_Nodes,Divergences,Vision_Dependency_Rate_Pct
ShitpostBR,54847,3396,6.1917698324429775
MemesBR,48973,2122,4.332999816225267
videogamesbrasil,38966,850,2.181388903146333
InfernoSocial,73012,995,1.3627896784090285
gamesEcultura,48982,648,1.3229349556980114
brasilivre,38530,509,1.321048533610174
botecodoreddit,43179,529,1.2251325876004537
computadores,48117,564,1.1721429016771618
opiniaoimpopular,89450,1014,1.1335941866964785
brasil,67315,707,1.0502859689519424
farialimabets,69524,728,1.0471204188481675
FilosofiaBAR,57880,586,1.0124395300621976
carros,61459,461,0.7500935583071642
DebatesBr,49893,324,0.6493896939450423
saopaulo,41837,239,0.5712646700289217
OpiniaoBurra,75032,390,0.5197782279560721
NoticiasBR,60939,300,0.49229557426278736
antitrampo,30847,125,0.4052257918111972
BrasildoB,20217,15,0.07419498441905327
futebol,52384,30,0.057269395235186316
